Lp,Vart
1,206.75631
2,150.65441
3,209.90324
4,135.2722
5,164.51461
6,208.97946
7,205.83026
8,133.27125
9,160.10169
10,151.44174
11,141.06375
12,159.56375
13,185.89217
14,173.9433
15,169.70846
16,168.77696
17,180.32007
18,145.65124
19,232.2268
20,163.71309
21,167.86651
22,191.62654
23,180.19727
24,162.64296
25,158.25598
26,186.41663
